<?xml version="1.0" encoding="UTF-8" standalone="yes"?>
<addon id="plugin.video.bbc.news.live" name="BBC News Live" version="0.25.0~beta1" provider-name="David Glover-Aoki">
  <requires>
    <import addon="xbmc.python" version="3.0.0"/>
    <import addon="script.module.requests" version="2.22.0"/>
    <import addon="script.module.beautifulsoup4" version="4.9.3"/>
  </requires>
  <extension point="xbmc.python.pluginsource" library="addon.py">
    <provides>video</provides>
  </extension>
  <extension point="xbmc.addon.metadata">
    <summary lang="en_GB">Watch live events and the BBC News channel.</summary>
    <description lang="en_GB">This add-on scrapes the BBC News website for currently live events and provides access to the main BBC World News channel stream, if available in your region. (Possibly North America only.)</description>
    <disclaimer lang="en_GB">This add-on is not created or endorsed by the BBC. Content is provided by the BBC and is subject to their terms of service and geographic restrictions.</disclaimer>
    <language>en</language>
    <platform>all</platform>
    <license>GPL-2.0-or-later</license>
    <email>david@gloveraoki.net</email>
    <assets>
      <icon>resources/icon.png</icon>
    </assets>
  </extension>
</addon>
